"Region","Variant","Position","Residue","Fluctuation_Angstrom"
"Part1","WT",154,"P",8.37768509633181
"Part1","WT",155,"K",8.21218322437872
"Part1","WT",156,"L",7.98864374977063
"Part1","WT",157,"Y",7.29206094127834
"Part1","WT",158,"V",7.73175642303358
"Part1","WT",159,"W",7.45189168754086
"Part1","WT",160,"A",9.0040929389983
"Part1","WT",161,"K",9.84093538529398
"Part1","WT",162,"D",8.05133537377678
"Part1","WT",163,"R",7.43151205373979
"Part1","WT",164,"P",7.00181758978198
"Part1","WT",165,"E",8.50060795854124
"Part1","WT",166,"I",8.95430592495167
"Part1","Δex2",64,"P",6.3281814166855
"Part1","Δex2",65,"K",6.4539210226026
"Part1","Δex2",66,"L",5.98040187891923
"Part1","Δex2",67,"Y",5.81005188446185
"Part1","Δex2",68,"V",6.10915413504809
"Part1","Δex2",69,"W",6.28186320003863
"Part1","Δex2",70,"A",8.02471516256267
"Part1","Δex2",71,"K",9.18716656388825
"Part1","Δex2",72,"D",8.58177395198823
"Part1","Δex2",73,"R",7.46562027120137
"Part1","Δex2",74,"P",6.4460460955871
"Part1","Δex2",75,"E",7.61441556422237
"Part1","Δex2",76,"I",7.61591655079742
"Part2","WT",214,"W",3.4689553014465
"Part2","WT",215,"T",3.7489775257204
"Part2","WT",216,"H",3.75276969911039
"Part2","WT",217,"V",4.65177072756417
"Part2","WT",218,"H",5.08759390511
"Part2","WT",219,"P",6.42735004906094
"Part2","WT",220,"K",6.4991669127059
"Part2","WT",221,"G",6.07735529720298
"Part2","WT",222,"P",5.00802467158162
"Part2","WT",223,"K",4.18830848984818
"Part2","WT",224,"S",3.72622452490305
"Part2","Δex2",124,"W",4.56478947123633
"Part2","Δex2",125,"T",4.99836137833765
"Part2","Δex2",126,"H",4.70042401039117
"Part2","Δex2",127,"V",5.33923185987393
"Part2","Δex2",128,"H",5.65624339758071
"Part2","Δex2",129,"P",6.89221004317994
"Part2","Δex2",130,"K",8.044971675564
"Part2","Δex2",131,"G",7.93306905925893
"Part2","Δex2",132,"P",6.70495083322631
"Part2","Δex2",133,"K",6.3446381877946
"Part2","Δex2",134,"S",6.02102244897358
