Protein_ID,Localizations,Signals,Cytoplasm,Nucleus,Extracellular,Cell membrane,Mitochondrion,Plastid,Endoplasmic reticulum,Lysosome/Vacuole,Golgi apparatus,Peroxisome
sp_Q13421_MSLN_HUMAN,Cell membrane,,0.12359999865293503,0.11699999868869781,0.5199000239372253,0.6700000166893005,0.12759999930858612,0.003599999938160181,0.32600000500679016,0.26669999957084656,0.36160001158714294,0.01979999989271164
sp_Q13421-2_MSLN_HUMAN,Extracellular,Signal peptide,0.1467999964952469,0.20679999887943268,0.7960000038146973,0.2752000093460083,0.19380000233650208,0.004999999888241291,0.3790000081062317,0.17219999432563782,0.3495999872684479,0.012400000356137753
sp_Q13421-3_MSLN_HUMAN,Cell membrane,,0.12240000069141388,0.1193000003695488,0.5138999819755554,0.6722000241279602,0.1266999989748001,0.003599999938160181,0.31869998574256897,0.27300000190734863,0.35530000925064087,0.019200000911951065
sp_Q13421-4_MSLN_HUMAN,Cell membrane,,0.12210000306367874,0.1193000003695488,0.5152000188827515,0.6743000149726868,0.12680000066757202,0.003700000001117587,0.3142000138759613,0.27379998564720154,0.35179999470710754,0.01940000057220459
tr_H3BMA1_H3BMA1_HUMAN,Cell membrane,,0.09790000319480896,0.13699999451637268,0.5479999780654907,0.7470999956130981,0.18019999563694,0.0032999999821186066,0.23270000517368317,0.20360000431537628,0.29600000381469727,0.0754999965429306
tr_H3BR90_H3BR90_HUMAN,Extracellular,Signal peptide,0.10499999672174454,0.15800000727176666,0.8744000196456909,0.25099998712539673,0.1898999959230423,0.002400000113993883,0.35569998621940613,0.16200000047683716,0.33709999918937683,0.008200000040233135
tr_H3BUX1_H3BUX1_HUMAN,Extracellular,,0.2989000082015991,0.35499998927116394,0.5964000225067139,0.3005000054836273,0.16329999268054962,0.004900000058114529,0.19660000503063202,0.11249999701976776,0.20630000531673431,0.07339999824762344
tr_H3BV92_H3BV92_HUMAN,Extracellular,Signal peptide,0.13699999451637268,0.1371999979019165,0.897599995136261,0.31310001015663147,0.10209999978542328,0.00139999995008111,0.3668000102043152,0.26420000195503235,0.4535999894142151,0.0027000000700354576
